Mês Notificação,Ano,Período,Casos Prováveis
Janeiro,2007,Jan/2007,38160
Fevereiro,2007,Fev/2007,67005
Marco,2007,Mar/2007,107384
Abril,2007,Abr/2007,105875
Maio,2007,Mai/2007,73357
Junho,2007,Jun/2007,30939
Julho,2007,Jul/2007,20215
Agosto,2007,Ago/2007,12482
Setembro,2007,Set/2007,7356
Outubro,2007,Out/2007,9328
Novembro,2007,Nov/2007,12219
Dezembro,2007,Dez/2007,16270
Janeiro,2008,Jan/2008,38330
Fevereiro,2008,Fev/2008,51156
Marco,2008,Mar/2008,124848
Abril,2008,Abr/2008,229809
Maio,2008,Mai/2008,109369
Junho,2008,Jun/2008,37213
Julho,2008,Jul/2008,12779
Agosto,2008,Ago/2008,6616
Setembro,2008,Set/2008,4408
Outubro,2008,Out/2008,5696
Novembro,2008,Nov/2008,7345
Dezembro,2008,Dez/2008,10092
Janeiro,2009,Jan/2009,23928
Fevereiro,2009,Fev/2009,45561
Marco,2009,Mar/2009,89340
Abril,2009,Abr/2009,78114
Maio,2009,Mai/2009,53528
Junho,2009,Jun/2009,22614
Julho,2009,Jul/2009,11189
Agosto,2009,Ago/2009,7860
Setembro,2009,Set/2009,5846
Outubro,2009,Out/2009,8409
Novembro,2009,Nov/2009,22447
Dezembro,2009,Dez/2009,42664
Janeiro,2010,Jan/2010,93449
Fevereiro,2010,Fev/2010,143702
Marco,2010,Mar/2010,226643
Abril,2010,Abr/2010,199401
Maio,2010,Mai/2010,150060
Junho,2010,Jun/2010,60975
Julho,2010,Jul/2010,35987
Agosto,2010,Ago/2010,25794
Setembro,2010,Set/2010,17959
Outubro,2010,Out/2010,15529
Novembro,2010,Nov/2010,22673
Dezembro,2010,Dez/2010,34928
Janeiro,2011,Jan/2011,57085
Fevereiro,2011,Fev/2011,103420
Marco,2011,Mar/2011,149868
Abril,2011,Abr/2011,167233
Maio,2011,Mai/2011,131197
Junho,2011,Jun/2011,50035
Julho,2011,Jul/2011,20876
Agosto,2011,Ago/2011,13957
Setembro,2011,Set/2011,9800
Outubro,2011,Out/2011,10443
Novembro,2011,Nov/2011,14017
Dezembro,2011,Dez/2011,21917
Janeiro,2012,Jan/2012,35284
Fevereiro,2012,Fev/2012,50562
Marco,2012,Mar/2012,91254
Abril,2012,Abr/2012,119952
Maio,2012,Mai/2012,126932
Junho,2012,Jun/2012,58552
Julho,2012,Jul/2012,30014
Agosto,2012,Ago/2012,19171
Setembro,2012,Set/2012,11127
Outubro,2012,Out/2012,11070
Novembro,2012,Nov/2012,14804
Dezembro,2012,Dez/2012,30195
Janeiro,2013,Jan/2013,141771
Fevereiro,2013,Fev/2013,222604
Marco,2013,Mar/2013,404609
Abril,2013,Abr/2013,391714
Maio,2013,Mai/2013,159685
Junho,2013,Jun/2013,56672
Julho,2013,Jul/2013,28510
Agosto,2013,Ago/2013,17850
Setembro,2013,Set/2013,11880
Outubro,2013,Out/2013,10514
Novembro,2013,Nov/2013,12009
Dezembro,2013,Dez/2013,13778
Janeiro,2014,Jan/2014,29645
Fevereiro,2014,Fev/2014,48408
Marco,2014,Mar/2014,72645
Abril,2014,Abr/2014,145026
Maio,2014,Mai/2014,120620
Junho,2014,Jun/2014,52049
Julho,2014,Jul/2014,26976
Agosto,2014,Ago/2014,16575
Setembro,2014,Set/2014,19050
Outubro,2014,Out/2014,20363
Novembro,2014,Nov/2014,18730
Dezembro,2014,Dez/2014,21041
Janeiro,2015,Jan/2015,69270
Fevereiro,2015,Fev/2015,167112
Marco,2015,Mar/2015,385848
Abril,2015,Abr/2015,399392
Maio,2015,Mai/2015,288181
Junho,2015,Jun/2015,118937
Julho,2015,Jul/2015,49058
Agosto,2015,Ago/2015,29204
Setembro,2015,Set/2015,24038
Outubro,2015,Out/2015,25616
Novembro,2015,Nov/2015,47713
Dezembro,2015,Dez/2015,93432
Janeiro,2016,Jan/2016,204260
Fevereiro,2016,Fev/2016,363450
Marco,2016,Mar/2016,407140
Abril,2016,Abr/2016,290731
Maio,2016,Mai/2016,128642
Junho,2016,Jun/2016,44245
Julho,2016,Jul/2016,20924
Agosto,2016,Ago/2016,13763
Setembro,2016,Set/2016,9325
Outubro,2016,Out/2016,9484
Novembro,2016,Nov/2016,12006
Dezembro,2016,Dez/2016,14888
Janeiro,2017,Jan/2017,24770
Fevereiro,2017,Fev/2017,29569
Marco,2017,Mar/2017,39806
Abril,2017,Abr/2017,39295
Maio,2017,Mai/2017,35797
Junho,2017,Jun/2017,22414
Julho,2017,Jul/2017,11093
Agosto,2017,Ago/2017,8723
Setembro,2017,Set/2017,6864
Outubro,2017,Out/2017,7966
Novembro,2017,Nov/2017,8046
Dezembro,2017,Dez/2017,8993
Janeiro,2018,Jan/2018,18390
Fevereiro,2018,Fev/2018,22612
Marco,2018,Mar/2018,34436
Abril,2018,Abr/2018,45985
Maio,2018,Mai/2018,41183
Junho,2018,Jun/2018,22929
Julho,2018,Jul/2018,14298
Agosto,2018,Ago/2018,11278
Setembro,2018,Set/2018,7753
Outubro,2018,Out/2018,10196
Novembro,2018,Nov/2018,14206
Dezembro,2018,Dez/2018,23120
Janeiro,2019,Jan/2019,62128
Fevereiro,2019,Fev/2019,121342
Marco,2019,Mar/2019,203361
Abril,2019,Abr/2019,358105
Maio,2019,Mai/2019,414617
Junho,2019,Jun/2019,176172
Julho,2019,Jul/2019,75240
Agosto,2019,Ago/2019,36764
Setembro,2019,Set/2019,24969
Outubro,2019,Out/2019,22529
Novembro,2019,Nov/2019,25004
Dezembro,2019,Dez/2019,36357
Janeiro,2020,Jan/2020,105353
Fevereiro,2020,Fev/2020,191951
Marco,2020,Mar/2020,212890
Abril,2020,Abr/2020,168559
Maio,2020,Mai/2020,113699
Junho,2020,Jun/2020,63200
Julho,2020,Jul/2020,34443
Agosto,2020,Ago/2020,16252
Setembro,2020,Set/2020,11533
Outubro,2020,Out/2020,9379
Novembro,2020,Nov/2020,10741
Dezembro,2020,Dez/2020,14509
Janeiro,2021,Jan/2021,21698
Fevereiro,2021,Fev/2021,46286
Marco,2021,Mar/2021,78931
Abril,2021,Abr/2021,107772
Maio,2021,Mai/2021,85353
Junho,2021,Jun/2021,52602
Julho,2021,Jul/2021,32478
Agosto,2021,Ago/2021,20439
Setembro,2021,Set/2021,14558
Outubro,2021,Out/2021,11870
Novembro,2021,Nov/2021,17398
Dezembro,2021,Dez/2021,42426
Janeiro,2022,Jan/2022,42894
Fevereiro,2022,Fev/2022,73131
Marco,2022,Mar/2022,229742
Abril,2022,Abr/2022,377629
Maio,2022,Mai/2022,338315
Junho,2022,Jun/2022,129621
Julho,2022,Jul/2022,63128
Agosto,2022,Ago/2022,40177
Setembro,2022,Set/2022,24723
Outubro,2022,Out/2022,20648
Novembro,2022,Nov/2022,23940
Dezembro,2022,Dez/2022,30584
Janeiro,2023,Jan/2023,56548
Fevereiro,2023,Fev/2023,123028
Marco,2023,Mar/2023,295858
Abril,2023,Abr/2023,389776
Maio,2023,Mai/2023,302129
Junho,2023,Jun/2023,103992
Julho,2023,Jul/2023,41713
Agosto,2023,Ago/2023,27955
Setembro,2023,Set/2023,21152
Outubro,2023,Out/2023,24567
Novembro,2023,Nov/2023,38443
Dezembro,2023,Dez/2023,83775
Janeiro,2024,Jan/2024,337056
Fevereiro,2024,Fev/2024,986704
Marco,2024,Mar/2024,1604272
Abril,2024,Abr/2024,1682213
Maio,2024,Mai/2024,1161770
Junho,2024,Jun/2024,353298
Julho,2024,Jul/2024,118417
Agosto,2024,Ago/2024,56489
Setembro,2024,Set/2024,40067
Outubro,2024,Out/2024,44932
Novembro,2024,Nov/2024,39406